E1-investigacion-y-diseno/index.md	1		en-progreso
E1-investigacion-y-diseno/diseno/index.md	2	E1-investigacion-y-diseno/index.md	en-progreso
E1-investigacion-y-diseno/diseno/arquitectura-de-crates.md	3	E1-investigacion-y-diseno/diseno/index.md	hecho
E1-investigacion-y-diseno/diseno/contenedor-de-dependencias.md	4	E1-investigacion-y-diseno/diseno/index.md	hecho
E1-investigacion-y-diseno/diseno/diagramas-de-arquitectura.md	5	E1-investigacion-y-diseno/diseno/index.md	hecho
E1-investigacion-y-diseno/diseno/modelo-de-composicion.md	6	E1-investigacion-y-diseno/diseno/index.md	hecho
E1-investigacion-y-diseno/diseno/modelo-de-configuracion.md	7	E1-investigacion-y-diseno/diseno/index.md	hecho
E1-investigacion-y-diseno/diseno/modelo-de-errores.md	8	E1-investigacion-y-diseno/diseno/index.md	hecho
E1-investigacion-y-diseno/diseno/modelo-de-interceptores.md	9	E1-investigacion-y-diseno/diseno/index.md	pendiente
E1-investigacion-y-diseno/diseno/modelo-de-observabilidad.md	10	E1-investigacion-y-diseno/diseno/index.md	pendiente
E1-investigacion-y-diseno/investigacion/index.md	11	E1-investigacion-y-diseno/index.md	en-progreso
E1-investigacion-y-diseno/investigacion/analisis-de-alternativas.md	12	E1-investigacion-y-diseno/investigacion/index.md	pendiente
E1-investigacion-y-diseno/investigacion/analisis-de-resultados.md	13	E1-investigacion-y-diseno/investigacion/index.md	en-progreso
E1-investigacion-y-diseno/investigacion/diseno-instrumento-encuesta.md	14	E1-investigacion-y-diseno/investigacion/index.md	hecho
E1-investigacion-y-diseno/investigacion/distribucion-y-recoleccion.md	15	E1-investigacion-y-diseno/investigacion/index.md	hecho
E1-investigacion-y-diseno/investigacion/revision-bibliografica.md	16	E1-investigacion-y-diseno/investigacion/index.md	pendiente
E2-base-del-framework/index.md	17		hecho
E2-base-del-framework/rb-01-organizacion-del-codigo/index.md	18	E2-base-del-framework/index.md	hecho
E2-base-del-framework/rb-01-organizacion-del-codigo/definir-el-workspace.md	19	E2-base-del-framework/rb-01-organizacion-del-codigo/index.md	hecho
E2-base-del-framework/rb-01-organizacion-del-codigo/direccion-de-dependencias.md	20	E2-base-del-framework/rb-01-organizacion-del-codigo/index.md	hecho
E2-base-del-framework/rb-01-organizacion-del-codigo/publicacion-y-versionado.md	21	E2-base-del-framework/rb-01-organizacion-del-codigo/index.md	hecho
E2-base-del-framework/rb-02-registro-declarativo/index.md	22	E2-base-del-framework/index.md	hecho
E2-base-del-framework/rb-02-registro-declarativo/definir-los-registries.md	23	E2-base-del-framework/rb-02-registro-declarativo/index.md	hecho
E2-base-del-framework/rb-02-registro-declarativo/macros-de-declaracion.md	24	E2-base-del-framework/rb-02-registro-declarativo/index.md	hecho
E2-base-del-framework/rb-02-registro-declarativo/registro-sin-pasos-manuales.md	25	E2-base-del-framework/rb-02-registro-declarativo/index.md	hecho
E2-base-del-framework/rb-03-dependencias-y-estado/index.md	26	E2-base-del-framework/index.md	hecho
E2-base-del-framework/rb-03-dependencias-y-estado/construir-componentes.md	27	E2-base-del-framework/rb-03-dependencias-y-estado/index.md	hecho
E2-base-del-framework/rb-03-dependencias-y-estado/estado-compartido.md	28	E2-base-del-framework/rb-03-dependencias-y-estado/index.md	hecho
E2-base-del-framework/rb-03-dependencias-y-estado/orden-de-resolucion-y-ciclos.md	29	E2-base-del-framework/rb-03-dependencias-y-estado/index.md	hecho
E2-base-del-framework/rb-03-dependencias-y-estado/registrar-proveedores.md	30	E2-base-del-framework/rb-03-dependencias-y-estado/index.md	hecho
E2-base-del-framework/rb-04-configuracion/index.md	31	E2-base-del-framework/index.md	hecho
E2-base-del-framework/rb-04-configuracion/carga-y-validacion.md	32	E2-base-del-framework/rb-04-configuracion/index.md	hecho
E2-base-del-framework/rb-04-configuracion/interpolacion-de-entorno.md	33	E2-base-del-framework/rb-04-configuracion/index.md	hecho
E2-base-del-framework/rb-04-configuracion/secciones-por-mecanismo.md	34	E2-base-del-framework/rb-04-configuracion/index.md	hecho
E2-base-del-framework/rb-05-errores-de-arranque/index.md	35	E2-base-del-framework/index.md	hecho
E2-base-del-framework/rb-05-errores-de-arranque/diagnostico-de-arranque.md	36	E2-base-del-framework/rb-05-errores-de-arranque/index.md	hecho
E2-base-del-framework/rb-05-errores-de-arranque/registro-del-error.md	37	E2-base-del-framework/rb-05-errores-de-arranque/index.md	hecho
E2-base-del-framework/rb-06-ensamblaje-y-arranque/apagado-ordenado.md	38	E2-base-del-framework/rb-06-ensamblaje-y-arranque/index.md	hecho
E2-base-del-framework/rb-06-ensamblaje-y-arranque/application-builder-y-modulos.md	39	E2-base-del-framework/rb-06-ensamblaje-y-arranque/index.md	hecho
E2-base-del-framework/rb-06-ensamblaje-y-arranque/seleccion-de-mecanismo-y-runtime.md	40	E2-base-del-framework/rb-06-ensamblaje-y-arranque/index.md	hecho
E2-base-del-framework/rb-07-pruebas-de-integracion/index.md	41	E2-base-del-framework/index.md	hecho
E2-base-del-framework/rb-07-pruebas-de-integracion/datos-de-prueba.md	42	E2-base-del-framework/rb-07-pruebas-de-integracion/index.md	hecho
E2-base-del-framework/rb-07-pruebas-de-integracion/servidores-de-prueba.md	43	E2-base-del-framework/rb-07-pruebas-de-integracion/index.md	hecho
E2-base-del-framework/rb-08-verificacion-y-publicacion/index.md	44	E2-base-del-framework/index.md	hecho
E2-base-del-framework/rb-08-verificacion-y-publicacion/pipeline-de-ci.md	45	E2-base-del-framework/rb-08-verificacion-y-publicacion/index.md	hecho
E2-base-del-framework/rb-08-verificacion-y-publicacion/publicacion-versionada.md	46	E2-base-del-framework/rb-08-verificacion-y-publicacion/index.md	hecho
E2-base-del-framework/rb-09-documentacion-y-ejemplos/index.md	47	E2-base-del-framework/index.md	hecho
E2-base-del-framework/rb-09-documentacion-y-ejemplos/ejemplos-reproducibles.md	48	E2-base-del-framework/rb-09-documentacion-y-ejemplos/index.md	hecho
E2-base-del-framework/rb-09-documentacion-y-ejemplos/publicacion-bilingue.md	49	E2-base-del-framework/rb-09-documentacion-y-ejemplos/index.md	hecho
E2-base-del-framework/rb-09-documentacion-y-ejemplos/sitio-y-guias.md	50	E2-base-del-framework/rb-09-documentacion-y-ejemplos/index.md	hecho
E3-desarrollo-del-framework/index.md	51		en-progreso
E3-desarrollo-del-framework/rf-01-organizacion-modular/index.md	52	E3-desarrollo-del-framework/index.md	en-progreso
E3-desarrollo-del-framework/rf-01-organizacion-modular/aplicacion-de-ejemplo-con-dos-modulos.md	53	E3-desarrollo-del-framework/rf-01-organizacion-modular/index.md	en-progreso
E3-desarrollo-del-framework/rf-01-organizacion-modular/definir-el-contrato-de-modulo.md	54	E3-desarrollo-del-framework/rf-01-organizacion-modular/index.md	en-progreso
E3-desarrollo-del-framework/rf-01-organizacion-modular/registrar-modulos-en-el-arranque.md	55	E3-desarrollo-del-framework/rf-01-organizacion-modular/index.md	en-progreso
E3-desarrollo-del-framework/rf-02-contenedor-de-inyeccion-de-dependencias/componentes-automaticos.md	56	E3-desarrollo-del-framework/rf-02-contenedor-de-inyeccion-de-dependencias/index.md	en-progreso
E3-desarrollo-del-framework/rf-02-contenedor-de-inyeccion-de-dependencias/estado-compartido.md	57	E3-desarrollo-del-framework/rf-02-contenedor-de-inyeccion-de-dependencias/index.md	en-progreso
E3-desarrollo-del-framework/rf-02-contenedor-de-inyeccion-de-dependencias/proveedores.md	58	E3-desarrollo-del-framework/rf-02-contenedor-de-inyeccion-de-dependencias/index.md	en-progreso
E3-desarrollo-del-framework/rf-02-contenedor-de-inyeccion-de-dependencias/resolucion-y-ciclos.md	59	E3-desarrollo-del-framework/rf-02-contenedor-de-inyeccion-de-dependencias/index.md	en-progreso
E3-desarrollo-del-framework/rf-03-integraciones-de-uso-frecuente/index.md	60	E3-desarrollo-del-framework/index.md	en-progreso
E3-desarrollo-del-framework/rf-03-integraciones-de-uso-frecuente/integracion-de-referencia.md	61	E3-desarrollo-del-framework/rf-03-integraciones-de-uso-frecuente/index.md	en-progreso
E3-desarrollo-del-framework/rf-03-integraciones-de-uso-frecuente/modelo-de-integracion.md	62	E3-desarrollo-del-framework/rf-03-integraciones-de-uso-frecuente/index.md	en-progreso
E3-desarrollo-del-framework/rf-04-configuracion-declarativa-y-tipada/index.md	63	E3-desarrollo-del-framework/index.md	en-progreso
E3-desarrollo-del-framework/rf-04-configuracion-declarativa-y-tipada/carga-y-validacion.md	64	E3-desarrollo-del-framework/rf-04-configuracion-declarativa-y-tipada/index.md	en-progreso
E3-desarrollo-del-framework/rf-04-configuracion-declarativa-y-tipada/interpolacion-de-entorno.md	65	E3-desarrollo-del-framework/rf-04-configuracion-declarativa-y-tipada/index.md	en-progreso
E3-desarrollo-del-framework/rf-04-configuracion-declarativa-y-tipada/secciones-por-mecanismo.md	66	E3-desarrollo-del-framework/rf-04-configuracion-declarativa-y-tipada/index.md	en-progreso
E3-desarrollo-del-framework/rf-05-configuracion-por-entorno/index.md	67	E3-desarrollo-del-framework/index.md	en-progreso
E3-desarrollo-del-framework/rf-05-configuracion-por-entorno/deteccion-de-entorno.md	68	E3-desarrollo-del-framework/rf-05-configuracion-por-entorno/index.md	en-progreso
E3-desarrollo-del-framework/rf-06-soporte-http/index.md	69	E3-desarrollo-del-framework/index.md	en-progreso
E3-desarrollo-del-framework/rf-06-soporte-http/controladores-y-enrutado.md	70	E3-desarrollo-del-framework/rf-06-soporte-http/index.md	en-progreso
E3-desarrollo-del-framework/rf-06-soporte-http/cookies.md	71	E3-desarrollo-del-framework/rf-06-soporte-http/index.md	en-progreso
E3-desarrollo-del-framework/rf-06-soporte-http/multipart.md	72	E3-desarrollo-del-framework/rf-06-soporte-http/index.md	en-progreso
E3-desarrollo-del-framework/rf-06-soporte-http/server-sent-events.md	73	E3-desarrollo-del-framework/rf-06-soporte-http/index.md	en-progreso
E3-desarrollo-del-framework/rf-07-soporte-grpc/index.md	74	E3-desarrollo-del-framework/index.md	en-progreso
E3-desarrollo-del-framework/rf-07-soporte-grpc/controladores-grpc.md	75	E3-desarrollo-del-framework/rf-07-soporte-grpc/index.md	en-progreso
E3-desarrollo-del-framework/rf-07-soporte-grpc/modelo-de-composicion-compartido.md	76	E3-desarrollo-del-framework/rf-07-soporte-grpc/index.md	en-progreso
E3-desarrollo-del-framework/rf-08-soporte-socketio/index.md	77	E3-desarrollo-del-framework/index.md	en-progreso
E3-desarrollo-del-framework/rf-08-soporte-socketio/acknowledgements.md	78	E3-desarrollo-del-framework/rf-08-soporte-socketio/index.md	en-progreso
E3-desarrollo-del-framework/rf-08-soporte-socketio/namespaces-y-handlers.md	79	E3-desarrollo-del-framework/rf-08-soporte-socketio/index.md	en-progreso
E3-desarrollo-del-framework/rf-09-manejo-de-eventos-internos/index.md	80	E3-desarrollo-del-framework/index.md	en-progreso
E3-desarrollo-del-framework/rf-09-manejo-de-eventos-internos/apagado-ordenado.md	81	E3-desarrollo-del-framework/rf-09-manejo-de-eventos-internos/index.md	en-progreso
E3-desarrollo-del-framework/rf-09-manejo-de-eventos-internos/cola-en-memoria.md	82	E3-desarrollo-del-framework/rf-09-manejo-de-eventos-internos/index.md	en-progreso
E3-desarrollo-del-framework/rf-09-manejo-de-eventos-internos/reintentos.md	83	E3-desarrollo-del-framework/rf-09-manejo-de-eventos-internos/index.md	en-progreso
E3-desarrollo-del-framework/rf-10-manejo-de-eventos-externos/index.md	84	E3-desarrollo-del-framework/index.md	en-progreso
E3-desarrollo-del-framework/rf-10-manejo-de-eventos-externos/abstraccion-de-fuentes-externas.md	85	E3-desarrollo-del-framework/rf-10-manejo-de-eventos-externos/index.md	en-progreso
E3-desarrollo-del-framework/rf-10-manejo-de-eventos-externos/controlador-con-confirmacion.md	86	E3-desarrollo-del-framework/rf-10-manejo-de-eventos-externos/index.md	en-progreso
E3-desarrollo-del-framework/rf-11-respuestas-y-errores-estandarizados/index.md	87	E3-desarrollo-del-framework/index.md	en-progreso
E3-desarrollo-del-framework/rf-11-respuestas-y-errores-estandarizados/respuestas-y-errores.md	88	E3-desarrollo-del-framework/rf-11-respuestas-y-errores-estandarizados/index.md	en-progreso
E3-desarrollo-del-framework/rf-12-interceptores-y-capas-transversales/index.md	89	E3-desarrollo-del-framework/index.md	en-progreso
E3-desarrollo-del-framework/rf-12-interceptores-y-capas-transversales/capas-y-auto-registro.md	90	E3-desarrollo-del-framework/rf-12-interceptores-y-capas-transversales/index.md	en-progreso
E3-desarrollo-del-framework/rf-12-interceptores-y-capas-transversales/interceptores-tipados.md	91	E3-desarrollo-del-framework/rf-12-interceptores-y-capas-transversales/index.md	en-progreso
E3-desarrollo-del-framework/rf-13-validacion-declarativa/index.md	92	E3-desarrollo-del-framework/index.md	en-progreso
E3-desarrollo-del-framework/rf-13-validacion-declarativa/rechazo-uniforme.md	93	E3-desarrollo-del-framework/rf-13-validacion-declarativa/index.md	en-progreso
E3-desarrollo-del-framework/rf-13-validacion-declarativa/validacion-sobre-validator.md	94	E3-desarrollo-del-framework/rf-13-validacion-declarativa/index.md	en-progreso
E3-desarrollo-del-framework/rf-14-manejo-uniforme-de-errores/index.md	95	E3-desarrollo-del-framework/index.md	en-progreso
E3-desarrollo-del-framework/rf-14-manejo-uniforme-de-errores/derivacion-de-errores.md	96	E3-desarrollo-del-framework/rf-14-manejo-uniforme-de-errores/index.md	en-progreso
E3-desarrollo-del-framework/rf-14-manejo-uniforme-de-errores/mapeo-por-transporte.md	97	E3-desarrollo-del-framework/rf-14-manejo-uniforme-de-errores/index.md	en-progreso
E3-desarrollo-del-framework/rf-15-observabilidad/index.md	98	E3-desarrollo-del-framework/index.md	en-progreso
E3-desarrollo-del-framework/rf-15-observabilidad/registros-de-acceso.md	99	E3-desarrollo-del-framework/rf-15-observabilidad/index.md	en-progreso
E3-desarrollo-del-framework/rf-15-observabilidad/trazas-correlacionadas.md	100	E3-desarrollo-del-framework/rf-15-observabilidad/index.md	en-progreso
E3-desarrollo-del-framework/rf-16-cache-de-respuestas-con-redis/index.md	101	E3-desarrollo-del-framework/index.md	en-progreso
E3-desarrollo-del-framework/rf-16-cache-de-respuestas-con-redis/cache-de-respuestas.md	102	E3-desarrollo-del-framework/rf-16-cache-de-respuestas-con-redis/index.md	en-progreso
E3-desarrollo-del-framework/rf-16-cache-de-respuestas-con-redis/configuracion-e-invalidacion.md	103	E3-desarrollo-del-framework/rf-16-cache-de-respuestas-con-redis/index.md	en-progreso
E3-desarrollo-del-framework/rf-17-documentacion-de-la-api/index.md	104	E3-desarrollo-del-framework/index.md	en-progreso
E3-desarrollo-del-framework/rf-17-documentacion-de-la-api/especificacion-openapi.md	105	E3-desarrollo-del-framework/rf-17-documentacion-de-la-api/index.md	en-progreso
E3-desarrollo-del-framework/rf-17-documentacion-de-la-api/swagger-ui.md	106	E3-desarrollo-del-framework/rf-17-documentacion-de-la-api/index.md	en-progreso
E3-desarrollo-del-framework/rf-18-archivos-estaticos/index.md	107	E3-desarrollo-del-framework/index.md	en-progreso
E3-desarrollo-del-framework/rf-19-generacion-de-proyectos-y-componentes/index.md	108	E3-desarrollo-del-framework/index.md	en-progreso
E3-desarrollo-del-framework/rf-19-generacion-de-proyectos-y-componentes/cli-de-proyectos.md	109	E3-desarrollo-del-framework/rf-19-generacion-de-proyectos-y-componentes/index.md	en-progreso
E3-desarrollo-del-framework/rf-19-generacion-de-proyectos-y-componentes/generacion-de-componentes.md	110	E3-desarrollo-del-framework/rf-19-generacion-de-proyectos-y-componentes/index.md	en-progreso
E3-desarrollo-del-framework/rf-20-documentacion-y-ejemplos/index.md	111	E3-desarrollo-del-framework/index.md	en-progreso
E3-desarrollo-del-framework/rf-20-documentacion-y-ejemplos/guias-y-ejemplos.md	112	E3-desarrollo-del-framework/rf-20-documentacion-y-ejemplos/index.md	en-progreso
E3-desarrollo-del-framework/rf-20-documentacion-y-ejemplos/publicacion-del-sitio.md	113	E3-desarrollo-del-framework/rf-20-documentacion-y-ejemplos/index.md	en-progreso
E3-desarrollo-del-framework/rf-20-documentacion-y-ejemplos/referencias-de-api.md	114	E3-desarrollo-del-framework/rf-20-documentacion-y-ejemplos/index.md	en-progreso
E4-calidad-y-documentacion/index.md	115		en-progreso
E4-calidad-y-documentacion/rnf-04-extensibilidad/index.md	116	E4-calidad-y-documentacion/index.md	en-progreso
E4-calidad-y-documentacion/rnf-04-extensibilidad/acceso-directo-a-capacidades.md	117	E4-calidad-y-documentacion/rnf-04-extensibilidad/index.md	en-progreso
E4-calidad-y-documentacion/rnf-04-extensibilidad/verificacion-de-acceso.md	118	E4-calidad-y-documentacion/rnf-04-extensibilidad/index.md	en-progreso
E4-calidad-y-documentacion/rnf-05-seguridad-de-memoria-y-concurrencia/index.md	119	E4-calidad-y-documentacion/index.md	en-progreso
E4-calidad-y-documentacion/rnf-05-seguridad-de-memoria-y-concurrencia/auditoria-de-unsafe.md	120	E4-calidad-y-documentacion/rnf-05-seguridad-de-memoria-y-concurrencia/index.md	en-progreso
E4-calidad-y-documentacion/rnf-05-seguridad-de-memoria-y-concurrencia/garantias-del-lenguaje.md	121	E4-calidad-y-documentacion/rnf-05-seguridad-de-memoria-y-concurrencia/index.md	en-progreso
E4-calidad-y-documentacion/rnf-06-documentacion-completa-y-reproducible/index.md	122	E4-calidad-y-documentacion/index.md	en-progreso
E4-calidad-y-documentacion/rnf-06-documentacion-completa-y-reproducible/cobertura-de-guias.md	123	E4-calidad-y-documentacion/rnf-06-documentacion-completa-y-reproducible/index.md	en-progreso
E4-calidad-y-documentacion/rnf-06-documentacion-completa-y-reproducible/reproducibilidad-de-ejemplos.md	124	E4-calidad-y-documentacion/rnf-06-documentacion-completa-y-reproducible/index.md	en-progreso
E4-calidad-y-documentacion/rnf-07-mantenibilidad/index.md	125	E4-calidad-y-documentacion/index.md	en-progreso
E4-calidad-y-documentacion/rnf-07-mantenibilidad/organizacion-modular.md	126	E4-calidad-y-documentacion/rnf-07-mantenibilidad/index.md	en-progreso
E4-calidad-y-documentacion/rnf-07-mantenibilidad/pruebas-y-verificacion-continua.md	127	E4-calidad-y-documentacion/rnf-07-mantenibilidad/index.md	en-progreso
E4-calidad-y-documentacion/rnf-08-compatibilidad/index.md	128	E4-calidad-y-documentacion/index.md	en-progreso
E4-calidad-y-documentacion/rnf-08-compatibilidad/edicion-y-version-minima.md	129	E4-calidad-y-documentacion/rnf-08-compatibilidad/index.md	en-progreso
E4-calidad-y-documentacion/rnf-08-compatibilidad/plataformas-verificadas.md	130	E4-calidad-y-documentacion/rnf-08-compatibilidad/index.md	en-progreso
E5-evaluacion-de-la-complejidad/index.md	131		en-progreso
E5-evaluacion-de-la-complejidad/rnf-02-reduccion-de-la-complejidad-de-integracion/index.md	132	E5-evaluacion-de-la-complejidad/index.md	en-progreso
E5-evaluacion-de-la-complejidad/rnf-02-reduccion-de-la-complejidad-de-integracion/aplicacion-de-referencia-con-sword.md	133	E5-evaluacion-de-la-complejidad/rnf-02-reduccion-de-la-complejidad-de-integracion/index.md	en-progreso
E5-evaluacion-de-la-complejidad/rnf-02-reduccion-de-la-complejidad-de-integracion/aplicacion-de-referencia-directa.md	134	E5-evaluacion-de-la-complejidad/rnf-02-reduccion-de-la-complejidad-de-integracion/index.md	en-progreso
E5-evaluacion-de-la-complejidad/rnf-02-reduccion-de-la-complejidad-de-integracion/propagacion-del-cambio.md	135	E5-evaluacion-de-la-complejidad/rnf-02-reduccion-de-la-complejidad-de-integracion/index.md	en-progreso
E5-evaluacion-de-la-complejidad/rnf-02-reduccion-de-la-complejidad-de-integracion/reglas-de-conteo.md	136	E5-evaluacion-de-la-complejidad/rnf-02-reduccion-de-la-complejidad-de-integracion/index.md	en-progreso
E5-evaluacion-de-la-complejidad/rnf-02-reduccion-de-la-complejidad-de-integracion/tareas-representativas.md	137	E5-evaluacion-de-la-complejidad/rnf-02-reduccion-de-la-complejidad-de-integracion/index.md	en-progreso
E5-evaluacion-de-la-complejidad/rnf-03-usabilidad-percibida/index.md	138	E5-evaluacion-de-la-complejidad/index.md	en-progreso
E5-evaluacion-de-la-complejidad/rnf-03-usabilidad-percibida/actividad-practica-de-uso.md	139	E5-evaluacion-de-la-complejidad/rnf-03-usabilidad-percibida/index.md	en-progreso
E5-evaluacion-de-la-complejidad/rnf-03-usabilidad-percibida/aplicacion-de-sus.md	140	E5-evaluacion-de-la-complejidad/rnf-03-usabilidad-percibida/index.md	en-progreso
E6-evaluacion-del-rendimiento/index.md	141		en-progreso
E6-evaluacion-del-rendimiento/rnf-01-rendimiento/index.md	142	E6-evaluacion-del-rendimiento/index.md	en-progreso
E6-evaluacion-del-rendimiento/rnf-01-rendimiento/definicion-de-metricas-y-umbrales.md	143	E6-evaluacion-del-rendimiento/rnf-01-rendimiento/index.md	en-progreso
E6-evaluacion-del-rendimiento/rnf-01-rendimiento/ejecucion-y-analisis.md	144	E6-evaluacion-del-rendimiento/rnf-01-rendimiento/index.md	en-progreso
E6-evaluacion-del-rendimiento/rnf-01-rendimiento/escenarios-y-banco-de-pruebas.md	145	E6-evaluacion-del-rendimiento/rnf-01-rendimiento/index.md	en-progreso
E6-evaluacion-del-rendimiento/rnf-01-rendimiento/implementacion-del-banco-de-pruebas.md	146	E6-evaluacion-del-rendimiento/rnf-01-rendimiento/index.md	en-progreso
E6-evaluacion-del-rendimiento/rnf-01-rendimiento/seleccion-de-la-herramienta-de-carga.md	147	E6-evaluacion-del-rendimiento/rnf-01-rendimiento/index.md	en-progreso
E7-validacion-en-produccion/index.md	148		en-progreso
E7-validacion-en-produccion/rnf-09-viabilidad-en-produccion/index.md	149	E7-validacion-en-produccion/index.md	en-progreso
E7-validacion-en-produccion/rnf-09-viabilidad-en-produccion/despliegue-de-sword.md	150	E7-validacion-en-produccion/rnf-09-viabilidad-en-produccion/index.md	en-progreso
E7-validacion-en-produccion/rnf-09-viabilidad-en-produccion/instrumentacion-de-la-plataforma.md	151	E7-validacion-en-produccion/rnf-09-viabilidad-en-produccion/index.md	en-progreso
E7-validacion-en-produccion/rnf-09-viabilidad-en-produccion/periodo-operativo-y-evidencia.md	152	E7-validacion-en-produccion/rnf-09-viabilidad-en-produccion/index.md	en-progreso
E1-investigacion-y-diseno/diseno/planificacion-del-diseno.md	153	E1-investigacion-y-diseno/diseno/index.md	hecho
E2-base-del-framework/rb-06-ensamblaje-y-arranque/index.md	154	E2-base-del-framework/index.md	hecho
E3-desarrollo-del-framework/rf-02-contenedor-de-inyeccion-de-dependencias/index.md	155	E3-desarrollo-del-framework/index.md	en-progreso
